{
  "goalkeeper": {
    "baseScale": 0.73,
    "outlineKey": "S2_Layer1",
    "baseX_pct": 0.32,
    "baseY_pct": 0.48,
    "parts": [
      {
        "key": "S2_Bowl",
        "note": "",
        "offsetX": -6,
        "offsetY": 190,
        "scale": 0.73,
        "scaleAdjust": 0.97,
        "hintX": -7,
        "hintY": 189
      },
      {
        "key": "S2_Face",
        "note": "",
        "offsetX": -62,
        "offsetY": -94,
        "scale": 0.73,
        "scaleAdjust": 0.97,
        "hintX": -39,
        "hintY": -102
      },
      {
        "key": "S2_Khay",
        "note": "",
        "offsetX": 32,
        "offsetY": 242,
        "scale": 0.73,
        "scaleAdjust": 0.97,
        "hintX": 19,
        "hintY": 284
      },
      {
        "key": "S2_Hair",
        "note": "",
        "offsetX": -57,
        "offsetY": -98
        ,
        "scale": 0.73,
        "scaleAdjust": 0.97,
        "hintX": -210,
        "hintY": -4
      },
      {
        "key": "S2_Hat",
        "note": "",
        "offsetX": -80,
        "offsetY": -187,
        "scale": 0.73,
        "scaleAdjust": 0.97,
        "hintX": -76,
        "hintY": -210
      },
      {
        "key": "S2_Shirt",
        "note": "",
        "offsetX": -74,
        "offsetY": 105,
        "scale": 0.73,
        "scaleAdjust": 0.97,
        "hintX": -57,
        "hintY": 102
      },
      {
        "key": "S2_Skirt",
        "note": "",
        "offsetX": -66,
        "offsetY": 326,
        "scale": 0.73,
        "scaleAdjust": 0.97,
        "hintX": -34,
        "hintY": 357
      },
      {
        "key": "S2_Vaso",
        "note": "",
        "offsetX": 132,
        "offsetY": 205,
        "scale": 0.73,
        "scaleAdjust": 0.97,
        "hintX": 101,
        "hintY": 229
      },
      {
        "key": "S2_Arm1",
        "note": "",
        "offsetX": -158,
        "offsetY": 232,
        "scale": 0.73,
        "scaleAdjust": 0.97,
        "hintX": -228,
        "hintY": 252
      },
      {
        "key": "S2_Arm2",
        "note": "",
        "offsetX": 189,
        "offsetY": 244,
        "scale": 0.73,
        "scaleAdjust": 0.97,
        "hintX": 186,
        "hintY": 273
      }
    ]
  },
  "letter": {
    "baseScale": 0.7,
    "outlineKey": "S2_UW",
    "baseX_pct": 0.73,
    "baseY_pct": 0.48,
    "parts": [
      {
        "key": "S2_UResult",
        "note": "",
        "offsetX": -82,
        "offsetY": 8,
        "scale": 0.73,
        "scaleAdjust": 0.97,
        "hintX": -158,
        "hintY": 177
      }
    ]
  }
}