{
  "goalkeeper": {
    "baseScale": 0.75,
    "outlineKey": "S2_player",
    "baseX_pct": 0.32,
    "baseY_pct": 0.48,
    "parts": [
      {
        "key": "S2_vector",
        "note": "quần (pants)",
        "offsetX": -236,
        "offsetY": 147,
        "scale": 0.75,
        "scaleAdjust": 0.97,
        "hintX": -90,
        "hintY": 130
      },
      {
        "key": "S2_vector2",
        "note": "áo (shirt)",
        "offsetX": 0,
        "offsetY": -2,
        "scale": 0.75,
        "scaleAdjust": 0.97,
        "hintX": -5,
        "hintY": 12
      },
      {
        "key": "S2_vector3",
        "note": "găng tay (glove 1)",
        "offsetX": -220,
        "offsetY": -131,
        "scale": 0.75,
        "scaleAdjust": 0.97,
        "hintX": 4,
        "hintY": 6
      },
      {
        "key": "S2_vector4",
        "note": "găng tay còn lại (glove 2)",
        "offsetX": 287,
        "offsetY": -203,
        "scale": 0.75,
        "scaleAdjust": 0.97,
        "hintX": 17,
        "hintY": 13
      },
      {
        "key": "S2_vector5",
        "note": "mặt (face)",
        "offsetX": 77,
        "offsetY": -60,
        "scale": 0.75,
        "scaleAdjust": 0.97,
        "hintX": 30,
        "hintY": 7
      },
      {
        "key": "S2_vector6",
        "note": "tóc (hair)",
        "offsetX": 91,
        "offsetY": -125,
        "scale": 0.75,
        "scaleAdjust": 0.97,
        "hintX": 24,
        "hintY": 0
      },
      {
        "key": "S2_vector7",
        "note": "phần tay (arm)",
        "offsetX": 228,
        "offsetY": -35,
        "scale": 0.75,
        "scaleAdjust": 0.97,
        "hintX": 40,
        "hintY": -8
      },
      {
        "key": "S2_vector8",
        "note": "phần dưới găng tay (wrist)",
        "offsetX": 265,
        "offsetY": -116,
        "scale": 0.75,
        "scaleAdjust": 0.97,
        "hintX": 30,
        "hintY": 10
      },
      {
        "key": "S2_vector9",
        "note": "tay áo (sleeve)",
        "offsetX": -156,
        "offsetY": -60,
        "scale": 0.75,
        "scaleAdjust": 0.97,
        "hintX": 10,
        "hintY": 10
      }
    ]
  },
  "letter": {
    "baseScale": 0.7,
    "outlineKey": "u_outline",
    "baseX_pct": 0.75,
    "baseY_pct": 0.48,
    "parts": [
      {
        "key": "S2_text_relust",
        "offsetX": 0,
        "offsetY": -2,
        "scale": 0.7,
        "scaleAdjust": 0.98,
        "hintX": 10,
        "hintY": 200
      }
    ]
  }
}